group,case,damping_present,damping_location,freq_defect,rms_P1,rms_P2,rms_P3,rms_P4,rms_ratio_P1,rms_ratio_P2,rms_ratio_P3,rms_ratio_P4,min_rms_ratio,min_rms_ratio_phone
1,1,0,0,1,0.1628226382828,0.048120947900307826,0.11016912115491515,0.08885989412119132,2.4770144138323347,1.5560490148439508,2.277756549053762,0.40404228111178053,0.40404228111178053,P4
1,2,0,0,0,0.02249417372384529,0.021943763309524886,0.055892573511211435,0.08474418108207522,0.34220298312841696,0.7095781103583915,1.155584015049128,0.3853283033249289,0.34220298312841696,P1
1,3,1,4,0,0.024949803796138936,0.023812618607122495,0.05509425619869012,0.084146679279999,0.3795603871617973,0.7700098053187073,1.1390787323732183,0.3826114872239551,0.3795603871617973,P1
1,4,0,0,0,0.02483937485058203,0.02486602622550037,0.055928044744279544,0.08372792119350254,0.3778804359416625,0.8040730139280191,1.1563173860025941,0.38070741144066333,0.3778804359416625,P1
1,5,0,0,1,0.09639292633922575,0.06904933857937418,0.10384645699001005,0.22647683301177102,1.4664218099637754,2.2327938239008436,2.147034895308069,1.0297808379587676,1.0297808379587676,P4
1,6,1,4,1,0.12305722647439324,0.0725137641882479,0.10944771649937345,0.2266750091554928,1.872064762725943,2.344820213465244,2.262841442520713,1.030681936727376,1.030681936727376,P4
2,1,0,0,1,0.3501396730430531,9.825446384550837,0.10183582501462013,0.2627003460730234,5.326661121138473,317.7176850039686,2.1054648972753043,1.194487660894993,1.194487660894993,P4
2,2,0,0,0,0.021759246266449202,9.789795815256847,0.026531643294583677,0.06184466735912618,0.3310225605269269,316.5648807544874,0.5485441259572046,0.28120515696655,0.28120515696655,P4
2,3,1,5,0,0.02568257694908695,9.79002316227596,0.027501653638687222,0.06287860202103618,0.3907080364141638,316.57223229514807,0.568599177597536,0.28590641531768984,0.28590641531768984,P4
2,4,0,0,0,0.022213400755529456,9.788004024757962,0.02663243171582954,0.06125847422055919,0.3379315949672396,316.5069410429428,0.5506279356867816,0.2785397608930902,0.2785397608930902,P4
2,5,0,0,1,0.49070493537955945,0.07220295968223378,0.21460104298896143,0.4966173057071782,7.465074947150224,2.3347699740893644,4.436895982990847,2.258098448371465,2.258098448371465,P4
2,6,1,5,1,0.42234193127134395,0.09591655427003609,0.1987524254560545,0.4470054400076349,6.4250712453626635,3.1015777180515856,4.109224381360606,2.03251533705112,2.03251533705112,P4
3,1,0,0,1,0.4237281808142232,0.36699899400441693,0.13554217817671352,0.3189283609834207,6.446160205319917,11.867356068138484,2.802346798980952,1.4501541303575785,1.4501541303575785,P4
3,2,0,0,0,0.09211155223987354,0.023425310806826846,0.08090420103381765,0.018337506191075933,1.40128943361274,0.7574857394515933,1.6727016773748562,0.08337988588236218,0.08337988588236218,P4
3,3,1,6,0,0.09332797130983957,0.02271063487585965,0.039164786046376236,0.019060886443174368,1.4197947692426236,0.7343758293846081,0.8097354955204061,0.08666906611445256,0.08666906611445256,P4
3,5,0,0,1,0.47646482220184166,0.16305030013260635,0.1256378366946098,0.701562387009981,7.248440663565243,5.2724285360498815,2.597573642597103,3.1899752975525857,2.597573642597103,P3
3,6,1,4,1,0.4636747986403338,0.10666560167505668,0.14286158044123642,0.7059025896296115,7.053866536470677,3.4491611584223896,2.953676103130822,3.2097100202220856,2.953676103130822,P3
4,1,0,0,1,0.44200301916202217,0.38201760533567136,0.15502665751091654,0.603177827041073,6.724174604763141,12.353001018747888,3.2051901723612035,2.7426247528647725,2.7426247528647725,P4
4,2,0,0,0,0.08051895037856151,0.0400964105696678,0.043794599155737496,0.04686037971394693,1.224931635906407,1.2965659008830754,0.9054573005070667,0.2130722177945072,0.2130722177945072,P4
4,3,1,4,0,0.0711808145740518,0.03106738571264455,0.04576836944613419,0.05796544967320717,1.082870941951064,1.00460146861796,0.9462651798669924,0.26356651381657925,0.26356651381657925,P4
4,4,0,0,0,0.06975417235004151,0.03215654169250902,0.049288120141363335,0.0484828875395789,1.0611674897190866,1.0398206437055035,1.0190363439922048,0.22044969409552514,0.22044969409552514,P4
4,5,0,0,1,0.5378317151395434,0.43797339531404,0.0970854204783983,0.5491128978469583,8.182012800351155,14.162399122273163,2.0072498536260133,2.4967937451219044,2.0072498536260133,P3
4,6,1,5,1,0.7172382217986046,0.7227749295068752,0.13237640084331917,0.7983218082944471,10.911316953732786,23.371800974142584,2.7368940661426344,3.629936403532658,2.7368940661426344,P3
5,1,0,0,1,0.09336637677862956,0.1433213763604067,0.08690689160624746,0.08400831504567766,1.4203790301338983,4.634469939239566,1.796807848141793,0.381982350745543,0.381982350745543,P4
5,2,0,0,0,0.1308138461781298,0.024532235936368708,0.04068192720495168,0.057639077296865036,1.9900659142329014,0.7932795014717842,0.841102526259673,0.26208251205477995,0.26208251205477995,P4
5,3,1,5,0,0.06653682467808159,0.024887703145078655,0.039078600208408504,0.05731096697436194,1.0122221056999867,0.8047739633237899,0.8079535955214886,0.2605906079233203,0.2605906079233203,P4
5,4,0,0,0,0.09303675101951142,0.02683588520039205,0.03634200227162542,0.056453794593503887,1.4153644463811899,0.8677707848782481,0.7513741855444437,0.2566930803886199,0.2566930803886199,P4
5,5,0,0,1,0.12623335893775905,0.5305107141432627,0.14705102514407067,0.6200175024811369,1.9203831413922652,17.154705177815167,3.040293251463711,2.819194063972727,1.9203831413922652,P1
5,6,1,4,1,0.1491091984207478,0.42474688401672606,0.17061426224668017,0.5738809859049523,2.268392390753898,13.734703892398521,3.527465310791524,2.6094132220715487,2.268392390753898,P1
6,1,0,0,1,0.5020839025256574,0.27878095404413683,0.0935502416942505,0.5857316082337618,7.638182728308113,9.014719115598735,1.9341597123663241,2.66329751403116,1.9341597123663241,P3
6,2,0,0,0,0.03827315007899642,0.03171665003269193,0.01810065559279047,0.051196584370108135,0.5822479319109335,1.0255962151818903,0.37423269230468664,0.23278876188866762,0.23278876188866762,P4
6,3,1,6,0,0.038111117578004255,0.030784242891952286,0.017406384394665037,0.04973446770392741,0.5797829378247317,0.9954457032720426,0.3598785724590183,0.22614057758800313,0.22614057758800313,P4
6,4,0,0,0,0.039784292103317964,9.8365162540922,0.02007546219496359,0.05560324830975388,0.6052368762928011,318.0756426159004,0.4150619975043655,0.2528256814447408,0.2528256814447408,P4
6,5,0,0,1,0.10588624607618947,0.07077939997396826,0.09793427509545824,0.22879441269054135,1.6108433110006013,2.2887374502453377,2.0247999996463673,1.040318777366973,1.040318777366973,P4
6,6,1,5,1,0.11135974220123021,0.07426434527752834,0.09911043934807483,0.23223189147320322,1.6941113929993288,2.401427368939874,2.049117302000021,1.0559488519057276,1.0559488519057276,P4
7,1,0,0,1,0.47492108293422225,0.5852939700744362,0.05281324250292134,0.24221623444723006,7.224955818598841,18.926187975665485,1.0919185678048469,1.1013472484548648,1.0919185678048469,P3
7,2,0,0,0,0.09008693997603101,0.03772068647608929,0.011889242466281263,0.016804614396031585,1.3704890866041788,1.2197439907450536,0.24581116384490695,0.0764098899838464,0.0764098899838464,P4
7,3,1,4,0,0.08861121608983395,0.03793482555230426,0.010553276612440066,0.01640960222613902,1.3480389569692697,1.2266684366074712,0.2181899489255282,0.07461378590597484,0.07461378590597484,P4
7,4,0,0,0,0.08259323237164728,0.03784763940076028,0.011033013608572643,0.015151680929573074,1.2564876065589787,1.223849167014131,0.2281085547318486,0.06889406954630405,0.06889406954630405,P4
7,5,0,0,1,0.49094142588644896,0.08110131756883479,0.21124378853490464,0.5340633994833661,7.468672667961517,2.622509131926815,4.367484443356116,2.4283642954972993,2.4283642954972993,P4
7,6,1,4,1,0.5305742033249471,0.09578522661013471,0.2193563325282831,0.5004959058947719,8.071604557597526,3.0973310794310276,4.535212024521269,2.2757342837819663,2.2757342837819663,P4
8,1,0,0,1,0.32316117409910305,1.08633023013568,0.723000075362868,0.2565724039049395,4.916238274214343,35.12780105453854,14.94809198222114,1.1666241600817142,1.1666241600817142,P4
8,2,0,0,0,0.06973044451292605,0.04235207787406162,0.09176459663973363,0.029199294929681374,1.060806519063139,1.3695056296284283,1.897241339281619,0.13276799220752822,0.13276799220752822,P4
8,3,1,5,0,0.07361272798084739,0.04543827958304515,0.10243137458862427,0.029540804906473362,1.1198675452818745,1.4693016922251674,2.11777793860897,0.1343208240155121,0.1343208240155121,P4
8,4,0,0,0,0.06506820999792019,0.03169510578258171,0.08187648627094413,0.03106665632158193,0.9898801281378297,1.0248995558137288,1.692803762634291,0.14125880759624065,0.14125880759624065,P4
8,5,0,0,1,0.6819348387443205,0.18021491457631997,0.13183042169859302,0.9358793630021323,10.374247971159106,5.827467091205732,2.7256058979199063,4.255404942944266,2.7256058979199063,P3
8,6,1,5,1,0.8511661815783222,0.3090041323537773,0.2806125733884181,1.014004829227398,12.948757756118813,9.99202211743483,5.801690347366293,4.6106382222403965,4.6106382222403965,P4
9,1,0,0,1,0.6905274660253878,0.3398199632936095,0.10178187709952767,0.31499034477016247,10.504967273169955,10.988489258416,2.1043495192490345,1.4322481327239331,1.4322481327239331,P4
9,2,0,0,0,0.07560820112115563,0.023373176543530258,0.04583408447854506,0.0455001765095326,1.1502245999463112,0.755799915032458,0.9476238441086239,0.20688742980975472,0.20688742980975472,P4
9,3,1,6,0,0.05832163116968803,0.02321922419689988,0.04687354232958241,0.04499879076883246,0.8872446888780762,0.750821679819731,0.9691147292390989,0.2046076494837382,0.2046076494837382,P4
9,4,0,0,0,0.06601681770963276,0.018944720210533384,0.05417601108745702,0.046700749918551214,1.0043112600723425,0.6126004267656203,1.1200939316067062,0.21234638768517655,0.21234638768517655,P4
9,5,0,0,1,0.8971400231138411,0.6949712927438272,0.13898925701290188,0.9874130462184434,13.648156005304127,22.472736772750512,2.873615465844438,4.489726479411691,2.873615465844438,P3
9,6,1,4,1,0.820765485778153,0.5989529816688213,0.13104515243890183,0.8582030677734619,12.486273162565178,19.3678686254153,2.7093703849169746,3.902214025681857,2.7093703849169746,P3
