group,case,freq_hz,freq_location,incl_degree,incl_location,incl_detectable,damping_present,damping_location,rail2_speed,rail3_speed,freq_defect,speed_defect,dominant_freq_hz,dominant_axis,peak_magnitude,freq_x,freq_y,freq_z,mag_x,mag_y,mag_z,peak_z,signed_peak_z,peak_jerk,impulse_energy,rise_time,post_impact_rms,journey_duration,duration_delta,rms_full,rms_first_half,rms_second_half,rms_ratio
1,1,35,3,0,0,0,0,0,70,100,1,0,34.89318413021363,acc_z,0.5707153575447006,35.02034587995931,34.96948118006104,34.89318413021363,0.17126367798895029,0.18957285706156393,0.5707153575447006,17.029415130615234,0.04025660878524139,306.9972970490847,36.97899415847949,0.44,8.211254269154265,39.509703509,-0.02041563300000604,2.1995195298193373,1.069785367368403,2.922131736249338,0.36609758352014315
1,2,0,0,1,4,1,0,0,70,100,0,0,29.258415590989625,acc_z,0.0452727101169229,49.93672487977727,49.63300430270818,29.258415590989625,0.0245275535846851,0.034217810053915776,0.0452727101169229,8.28805160522461,-4.909711270209978,219.4133180333407,1.6769083069421875,0.14,1.6804275060412286,40.049792000000004,0.5196728579999998,0.688985835913006,0.6809949332184784,0.6968890931037675,0.9771926981745395
1,3,0,0,0,0,0,1,4,70,100,0,0,47.633358377160036,acc_y,0.04222241324479992,46.882043576258454,47.633358377160036,27.322814926120714,0.030983521786923943,0.04222241324479992,0.041814789695498525,7.286142826080322,-4.503745411851485,251.64862136407726,1.6078171974208484,0.020000000000000018,1.768115310245305,40.001176,0.4710568579999972,0.6719804484413814,0.6571008377359145,0.6865160167173856,0.9571529603604569
1,4,0,0,0,0,0,0,0,100,70,0,1,27.352572145545796,acc_z,0.0625179309051759,49.761606022584694,33.27478042659975,27.352572145545796,0.01918257415570137,0.04230879603559917,0.0625179309051759,2.981645107269287,-0.9448907996856526,39.92198261727441,0.3340370758386033,0.22,0.6143752324712509,39.909723017000005,0.3796038750000008,0.6134846982925257,0.6420952330895043,0.5834574776117416,1.1005004781458692
1,5,30,6,4,4,1,0,0,70,100,1,0,30.005068423720225,acc_z,0.8802534367437407,29.979726305119108,29.979726305119108,30.005068423720225,0.7708550731684453,0.40990308846730394,0.8802534367437407,23.362220764160156,5.077558929025558,509.169794817731,21.56527259553516,0.1,3.3306957588582766,39.540274523,0.010155380999997021,2.4181400935625095,3.0960047212503743,1.4498179576703631,2.1354437671783173
1,6,30,6,0,0,0,1,4,70,100,1,0,29.959616355376074,acc_x,0.41724051812460267,29.959616355376074,29.959616355376074,29.959616355376074,0.41724051812460267,0.3902344683273049,0.28494456903305265,9.417596817016602,-5.240172450693376,309.5310414788808,2.359457018402939,0.07,2.146039696727026,39.630073597,0.09995445499999533,1.4490342164511592,1.9004224263077145,0.765681229671396,2.48200210827071
2,1,40,5,0,0,0,0,0,70,100,1,0,39.994946942900455,acc_z,0.9142888882396014,40.02021222839819,39.994946942900455,39.994946942900455,0.23216844284813043,0.203379327560191,0.9142888882396014,4.55825138092041,-0.025682556948534843,88.28068303170254,2.34647263594082,0.16,1.664555510898763,39.64990817100001,0.11978902900000321,2.1324005113385547,2.047523102521119,2.214350946461967,0.9246606125341599
2,2,0,0,0,5,0,0,0,70,100,0,0,49.92405063291139,acc_y,0.05422012854492295,47.56962025316456,49.92405063291139,29.49367088607595,0.02922013537607069,0.05422012854492295,0.0418649100858769,5.316548824310303,-2.3000793142689178,93.58325856377445,0.6415373292632148,0.25,1.082747742462166,39.490029466,-0.04008967600000091,0.6623796299597237,0.6804571448723467,0.6437947051376978,1.0569474079890224
2,3,0,0,0,0,0,1,5,70,100,0,0,33.16557624559638,acc_y,0.04856103949062467,49.64771011575239,33.16557624559638,29.164569703069954,0.0248925731402149,0.04856103949062467,0.04725175454373108,3.0049333572387695,-2.0084292781282227,97.13928779576028,0.38634994131593925,0.24,0.664644037507431,39.77997583,0.24985668799999416,0.6685204256605077,0.690746069348413,0.645530004515925,1.0700448693572269
2,4,0,0,0,0,0,0,0,80,100,0,1,49.31293751620431,acc_y,0.04589160729795621,33.108633653098266,49.31293751620431,49.209229971480426,0.027404354794160916,0.04589160729795621,0.03994004540893912,2.1125974655151367,-0.8950443313364119,46.179886367601256,0.5362960032753508,0.15,0.875341175815151,38.640201647000005,-0.8899174949999988,0.6657583203995683,0.6540825051528393,0.6772505812573131,0.9657909838017971
2,5,35,6,0,5,0,0,0,70,100,1,0,34.95245438190696,acc_y,0.7696510425286488,34.9781547160113,34.95245438190696,35.08095605242868,0.2839035794412796,0.7696510425286488,0.23559935678749386,8.130060195922852,-5.6084143549910435,186.95609332345478,1.9987563287461139,0.10999999999999999,1.9619582612368476,38.92989922700001,-0.6002199149999967,2.04068196687475,2.787095349958368,0.7501446835869947,3.7154103880750187
2,6,35,6,0,0,0,1,5,70,100,1,0,34.98079385403329,acc_y,0.3003278188521486,34.87836107554417,34.98079385403329,34.98079385403329,0.2571923695260628,0.3003278188521486,0.2707908216745799,2.7603840827941895,-1.8424135180116956,74.0090307652759,0.35103190280179486,0.25,0.7553575351543026,39.069888307,-0.4602308350000044,1.3890840646010845,1.828415653256088,0.7188386881143932,2.543568791563318
3,1,45,2,0,0,0,0,0,70,100,1,0,44.93717664449371,acc_z,0.45096691494083496,45.035723084503566,45.035723084503566,44.93717664449371,0.27441702977703913,0.4077886992239375,0.45096691494083496,2.836637496948242,0.3865531004905025,108.14588390527607,1.6573445114249687,0.24,1.9502215899004032,40.579909566000005,1.049790424000001,1.6820100712501056,1.791606930883865,1.5646957329248175,1.1450193754506457
3,2,0,0,3,4,1,0,0,70,100,0,0,46.762221653442545,acc_z,0.05674542514569208,33.196826209367806,33.17123112362427,46.762221653442545,0.018702462447029274,0.050422893096156836,0.05674542514569208,16.817127227783203,-0.5432194955630025,420.7687509999137,8.920167522444464,0.07,3.687234577452486,39.230056,-0.30006314200000617,0.9073075822006955,0.6569892371011808,1.1026253925999276,0.5958408372512062
3,3,0,0,0,0,0,1,6,70,100,0,0,28.821616212159118,acc_z,0.04330060843786804,27.545659244433324,47.610708031023265,28.821616212159118,0.014518527065830709,0.03799891540455491,0.04330060843786804,2.1730809211730957,-0.9243999905914524,41.28644752040152,0.23119640282993417,0.19,0.5248290695406547,40.059940426000004,0.5298212840000005,0.7654419255143909,0.8947252708519262,0.609230620505415,1.4686150707751133
3,4,0,0,0,0,0,0,0,60,30,0,1,29.02132748654574,acc_y,0.16872124007177544,29.02132748654574,29.02132748654574,29.001395256129157,0.04743763070888133,0.16872124007177544,0.04509882339077389,0.8711729049682617,-0.18291971994744632,26.20998777954634,0.17790432339083737,0.04,0.5714010257856045,50.259904000000006,10.729784858000002,0.5975681022011279,0.6066897102663348,0.5883236713634138,1.031217575965214
3,5,40,6,4,4,1,0,0,70,100,1,0,40.03518471977884,acc_z,1.132916163127758,40.03518471977884,40.03518471977884,40.03518471977884,0.46764412970327024,0.4309258629097377,1.132916163127758,19.159666061401367,3.198455691041596,476.14425300712463,17.612360521817962,0.11,3.1116793212212475,39.829996408,0.29987726599999576,2.8014861852488915,3.6633306595049295,1.5116393254273637,2.423415822732218
3,6,40,6,0,0,0,1,4,70,100,1,0,40.010116337885684,acc_z,0.4624911002423277,40.010116337885684,40.010116337885684,40.010116337885684,0.36002854942017126,0.45731054776979946,0.4624911002423277,9.660319328308105,-3.2718704610497884,316.98569930219145,1.7289018998558157,0.2,1.6476917869585208,39.560258458,0.030139315999996086,1.7953790415806812,2.420266294661393,0.7657784080285928,3.1605308654393722
4,1,50,3,0,0,0,0,0,70,100,1,0,49.84483170207687,acc_z,0.47983860507001364,47.52924325614705,49.91644783957985,49.84483170207687,0.13001251749263706,0.1494341480797821,0.47983860507001364,22.763294219970703,1.0362956707114916,390.44937756475946,43.81550412480002,0.25,7.397972534232993,41.999846762000004,2.4697276200000005,1.9884910006386982,1.1918600850925902,2.5473265149386264,0.46788665610906427
4,2,0,0,0,5,0,0,0,70,100,0,0,30.183531746031743,acc_z,0.04272593304790683,29.017857142857142,49.826388888888886,30.183531746031743,0.015967629566204088,0.037594667405559855,0.04272593304790683,4.808950901031494,-2.6728573639916937,131.85262360227978,0.5449424905403327,0.25,0.9367663967641594,40.389984000000005,0.8598648580000017,0.6593368628572582,0.6944926641190529,0.6221598639199221,1.116260794682893
4,3,0,0,0,0,0,1,4,70,100,0,0,49.962751427861924,acc_y,0.04320164952147661,30.74248820461882,49.962751427861924,30.866650111745713,0.025393527189442922,0.04320164952147661,0.039489579831237805,9.535860061645508,-5.126114294699936,246.59513876592447,2.0069787626071327,0.07,1.9113106710494754,40.40983567,0.8797165279999959,0.6533918850805633,0.6254295940190583,0.6802710061848278,0.9193829934435435
4,4,0,0,0,0,0,0,0,40,50,0,1,28.191808191808192,acc_y,0.04606938378512333,47.73226773226773,28.191808191808192,28.17182817182817,0.013408759867882146,0.04606938378512333,0.028505801811025838,0.653935432434082,-0.26246482826683076,21.821844903524383,0.07865822812127705,0.09,0.38869195946669527,50.239879312,10.709760169999996,0.5435966130328211,0.5911112276248326,0.4915756980083623,1.20248260851735
4,5,45,6,0,5,0,0,0,70,100,1,0,45.01518218623482,acc_z,1.8038335924455247,45.01518218623482,45.040485829959515,45.01518218623482,0.5464879844126513,0.4651946942369272,1.8038335924455247,3.7719268798828125,-2.748718911320603,109.82653818582892,0.5309298780015521,0.25,0.9210795871855499,39.590818928,0.060699785999993594,3.8829189429972897,5.423398694141147,0.8350260457602133,6.4948856645587005
4,6,45,6,0,0,0,1,5,70,100,1,0,45.01023541453429,acc_y,0.3762056431768483,44.95905834186285,45.01023541453429,44.98464687819857,0.34896159438998164,0.3762056431768483,0.17927367501222136,2.909269332885742,1.288689885528439,65.27786422715863,0.8799463707640383,0.11,1.0606685747795035,39.169842018000004,-0.36027712399999956,1.6147383235874626,2.137862223531183,0.8014327813535903,2.6675502590752687
5,1,35,5,0,0,0,0,0,70,100,1,0,35.076195480819756,acc_z,0.5387689195213099,35.023646873357855,35.15501839201261,35.076195480819756,0.09891784551695715,0.13387759462360366,0.5387689195213099,3.897738456726074,-0.1890146259670391,90.99326908292275,1.7564504958970173,0.15,1.4415000930440205,38.210012000000006,-1.3201071419999977,1.7622465369894855,1.435055304852764,2.0378277691961175,0.7042083372035236
5,2,0,0,5,4,1,0,0,70,100,0,0,49.35373252439989,acc_z,0.08494756638209595,33.10472170931153,33.15747823793194,49.35373252439989,0.023007532691829636,0.04961469253092883,0.08494756638209595,18.583084106445312,0.08918510971579408,514.1117734382774,25.879220318461186,0.1,3.606226612447849,37.899995799,-1.630123343000001,1.2953313763320604,0.7422015820463868,1.6749621769568146,0.443115428071856
5,3,0,0,0,0,0,1,5,70,100,0,0,33.19608852290273,acc_y,0.04339319868008281,30.88008234688626,33.19608852290273,46.80905815748842,0.016798118785455406,0.04339319868008281,0.03885530448256782,2.2787046432495117,-0.5993351397739505,35.96491615202167,0.2976546363695613,0.2,0.6443588287025074,38.929931260000004,-0.6001878820000002,0.6207724974098812,0.6566551843171343,0.5826437586240875,1.1270268918143478
5,4,0,0,0,0,0,0,0,100,70,0,1,31.21196754563895,acc_z,0.048017346667239294,30.8316430020284,49.9239350912779,31.21196754563895,0.022135944213261895,0.04444837141410333,0.048017346667239294,2.0525670051574707,-0.4994010753859313,27.558856369678388,0.1496114416175845,0.25,0.47267414377156514,39.56000982,0.029890677999993898,0.6228085675495526,0.6572583059552709,0.5861853655992629,1.1212465280216428
5,5,50,6,4,4,1,0,0,70,100,1,0,49.97459349593496,acc_z,0.6673212355068818,47.6880081300813,47.6880081300813,49.97459349593496,0.12712253849335076,0.1816833940106349,0.6673212355068818,13.970430374145508,5.671099621731985,450.90593044628093,12.33195175052937,0.13,1.8429066949594222,39.408916000000005,-0.12120314199999882,1.5815507080524422,1.850929987774196,1.2552781815041447,1.4745177722728422
5,6,50,6,0,0,0,1,4,70,100,1,0,49.99999999999999,acc_z,0.36462628041898404,47.62262262262262,47.69769769769769,49.99999999999999,0.20379572181310948,0.2803296258181473,0.36462628041898404,8.037420272827148,3.155802043608224,264.75041727381364,0.7033669867288466,0.25,0.9846122043788588,39.989928666000004,0.45980952400000064,1.2546286985223243,1.592491693688296,0.781171440300653,2.0385943616620015
6,1,40,2,0,0,0,0,0,70,100,1,0,40.02551020408163,acc_z,0.6657438320416527,40.02551020408163,39.99999999999999,40.02551020408163,0.5065513134841727,0.35503027591783537,0.6657438320416527,6.564055442810059,1.1744905173522895,99.74731559481738,7.438175186368801,0.24,3.62231566532263,39.240069155,-0.2900499870000033,2.103483407239363,2.092807607486318,2.114126941917937,0.9899157737367092
6,2,0,0,0,5,0,0,0,70,100,0,0,33.25384207737149,acc_y,0.03673327087950193,34.47270800211976,33.25384207737149,28.13990461049284,0.02018357582461084,0.03673327087950193,0.03664436389515404,4.998350620269775,-3.482360635165114,128.28966818956712,0.690394102488615,0.25,1.0034379675956009,37.759725822,-1.7703933200000037,0.6467334372080664,0.6731758054979476,0.6191628319740368,1.0872354907863329
6,3,0,0,0,0,0,1,6,70,100,0,0,27.586206896551726,acc_z,0.0416815146483653,33.108633653098266,49.88332901218564,27.586206896551726,0.025502654131081513,0.0334918380924934,0.0416815146483653,2.2502269744873047,-0.6359375023274654,35.45168493025292,0.7124867066754507,0.24,1.0420900154736876,38.709756404000004,-0.820362738,0.6331613552659754,0.6406259660283546,0.6256037432353565,1.0240123607881717
6,4,0,0,0,0,0,0,0,30,60,0,1,28.85600455321571,acc_y,0.10147103274671355,28.85600455321571,28.85600455321571,48.26408651109847,0.020136324502672307,0.10147103274671355,0.027984075957651105,0.6575565338134766,-0.19761822581062344,33.8847811641753,0.11204983815068226,,0.47892874200608565,52.849966,13.319846857999998,0.6207005778290083,0.6571273305235947,0.5819528083694074,1.1291763199232963
6,5,30,6,0,5,0,0,0,70,100,1,0,29.974358974358974,acc_y,0.46723987169875686,29.974358974358974,29.974358974358974,30.025641025641026,0.45113399787141273,0.46723987169875686,0.3117677965763488,4.644468307495117,-1.1892622839536386,109.4992530013454,0.5214620067496557,0.25,0.9139452811586384,39.12996,-0.4001591420000068,1.622622286113623,2.195757910874302,0.6632945250996789,3.3103814787922863
6,6,30,6,0,0,0,1,5,70,100,1,0,30.049908064092463,acc_y,0.3745018099781278,30.07617546624639,30.049908064092463,29.91857105332283,0.331973975422947,0.3745018099781278,0.2716725061203496,2.90478515625,-2.0680743356864966,68.1429193254828,0.21903748840469434,0.24,0.5728569916848847,38.100239872,-1.4298792700000007,1.4367137096996183,1.955925121875032,0.54590878859682,3.5828789767287974
7,1,45,3,0,0,0,0,0,70,100,1,0,45.01541623843782,acc_z,0.42148353221364926,44.98972250770812,45.06680369989723,45.01541623843782,0.2583963350567342,0.2672849747725719,0.42148353221364926,19.42479705810547,2.963131144542787,308.4319742560949,31.72926976021489,0.09,6.063005048986697,38.97989816500001,-0.5502209769999951,2.111217356641276,1.4336808413882691,2.6208645177520937,0.5470259266274214
7,2,0,0,4,4,1,0,0,70,100,0,0,33.76057421174058,acc_z,0.06067402799290515,33.273519610356324,49.93591386823892,33.76057421174058,0.025477096409691143,0.04181297783483026,0.06067402799290515,18.066417694091797,-14.733846640045627,542.4866105259525,18.07221642688157,0.07999999999999999,4.544494981521843,39.050308803,-0.4798103390000037,1.0785208010107197,0.6800404778819508,1.3648744298855555,0.4982439871329204
7,3,0,0,0,0,0,1,4,70,100,0,0,49.974463738508675,acc_y,0.05470977834444052,33.29928498467824,49.974463738508675,33.29928498467824,0.03865134072907104,0.05470977834444052,0.04404845441327304,7.173775672912598,-2.8604561023037403,258.4200745059584,1.1084689419224631,0.23,1.2876226712501901,39.190410834000005,-0.33970830799999874,0.600506213438162,0.6039170799402676,0.5970793744707175,1.0114519204010546
7,4,0,0,0,0,0,0,0,30,30,0,1,28.873128447596528,acc_y,0.1558205633513812,29.014972419227735,28.873128447596528,44.428684003152085,0.021923731673470306,0.1558205633513812,0.03276606838413305,0.5019187927246094,-0.1612810955608744,33.29442163664439,0.15438884581805112,0.24,0.5371337532145345,63.609992499,24.079873356999997,0.6464372277861878,0.5726544884642598,0.7127606201492703,0.8034317164496705
7,5,35,6,4,4,1,0,0,70,100,1,0,34.9073368875349,acc_y,0.35931175979522517,34.95811119573496,34.9073368875349,34.95811119573496,0.18400652657853256,0.35931175979522517,0.3267356299957417,19.087373733520508,-13.452710334484742,478.8535788530881,16.123510265741483,0.1,4.229663983362997,39.50670100000001,-0.023418141999997033,1.6182187913562636,1.906880909278121,1.2655377673306007,1.5067751895704429
7,6,35,6,0,0,0,1,4,70,100,1,0,34.96143958868895,acc_y,0.3343148652527093,34.93573264781491,34.96143958868895,34.96143958868895,0.27146888137827385,0.3343148652527093,0.2796613101948875,10.890335083007812,-5.024656170088162,256.86819014616384,1.7953923207838505,0.01999999999999999,1.742692256585337,38.929841052,-0.6002780900000033,1.2998061765475188,1.6772609930879399,0.7506493237001243,2.2344135139166346
8,1,50,5,0,0,0,0,0,70,100,1,0,49.923273657289,acc_z,0.6340283594990461,47.749360613810744,47.77493606138108,49.923273657289,0.3165939318918795,0.23440350136037624,0.6340283594990461,9.015196800231934,-1.2519867755292369,125.91412417163914,13.54224932381024,,5.142220466214088,39.169932964,-0.3601861780000064,2.2920019753436804,1.7173118754673076,2.748641498740422,0.6247856900415256
8,2,0,0,0,5,0,0,0,70,100,0,0,49.94728518713759,acc_y,0.042481883227249925,33.18397469688983,49.94728518713759,28.386926726410124,0.026772471902220034,0.042481883227249925,0.02649335043976613,3.8788952827453613,-0.43212426789494074,114.31375830256192,0.34669736007490487,0.25,0.8279976841819833,38.259142000000004,-1.2709771419999996,0.6146129117412378,0.6046977671235144,0.6244320555767243,0.9683964199515936
8,3,0,0,0,0,0,1,5,70,100,0,0,33.28236493374108,acc_y,0.035576331125866986,33.23139653414883,33.28236493374108,30.835881753312943,0.026514568919521395,0.035576331125866986,0.027386377367348093,3.534574508666992,-1.1284886641825775,64.75261586890949,0.23052579288738942,0.25,0.6323474018997995,39.319909535,-0.21020960700000302,0.6052203621757446,0.5979121029769648,0.6124414181764181,0.9762764000470198
8,4,0,0,0,0,0,0,0,100,60,0,1,29.801644895984516,acc_y,0.06381445159613705,33.28495403967102,29.801644895984516,28.180938558297047,0.025660835061908062,0.06381445159613705,0.036486554471507476,1.6835088729858398,-0.3008010531688645,38.50518735326506,0.23636469153167713,0.25,0.5714448686828638,41.440185806,1.9100666639999986,0.6062650816975338,0.6017079141563952,0.6107751863646009,0.985154484971508
8,5,40,6,0,5,0,0,0,70,100,1,0,39.95133819951338,acc_z,0.5648558286983353,40.07299270072993,40.04866180048661,39.95133819951338,0.37701972258203903,0.35657737718228033,0.5648558286983353,4.237429618835449,-2.5635017961295077,103.06095619750324,0.8202957692105896,0.25,1.237782234409967,41.17013300000001,1.6400138580000032,2.1715446521818444,2.9053219372403523,0.9914930954400569,2.930249288272528
8,6,40,6,0,0,0,1,5,70,100,1,0,39.9949018608208,acc_y,0.47094398905535967,40.04588325261279,39.9949018608208,39.86744838134081,0.20963664470639373,0.47094398905535967,0.2899820392225569,3.22758150100708,-0.21792945250378726,58.83430270590747,2.1908258938552767,0.07,1.9554347749578087,39.250424645,-0.27969449700000126,1.5684329545646472,1.8925427711872316,1.1560833802025328,1.6370296499337957
9,1,45,2,0,0,0,0,0,70,100,1,0,45.07401735579378,acc_y,0.3565187987184205,45.02297090352221,45.07401735579378,45.04849412965799,0.30135110830208744,0.3565187987184205,0.2622020839913344,3.198665142059326,-0.26734659186260484,99.99569725801969,5.204893421419941,,3.144302688681453,39.480072066000005,-0.05004707599999847,1.7204785944085814,1.5816733971311343,1.8492724115203392,0.8552949729189957
9,2,0,0,2,4,1,0,0,70,100,0,0,25.6831983805668,acc_z,0.04959492761330101,27.403846153846153,49.9746963562753,25.6831983805668,0.022186550597414034,0.034663921479032626,0.04959492761330101,12.759437561035156,-5.289302547049399,396.8086491343564,6.467304783435306,0.24,2.5475613904734993,39.630017364000004,0.0998982220000002,0.8299461076016637,0.5386404369495398,1.0432139851927646,0.5163278527655187
9,3,0,0,0,0,0,1,6,70,100,0,0,29.55702647657841,acc_z,0.05400256790489539,27.64765784114053,49.89816700610998,29.55702647657841,0.03143998294523653,0.03501044353141181,0.05400256790489539,1.9277029037475586,0.929481559656177,40.80630604296416,0.6701145161589908,,0.9981378925564844,39.329876193000004,-0.20024294899999973,0.9695682111069117,1.2058188682232431,0.6515776361328188,1.8506142650627235
9,4,0,0,0,0,0,0,0,40,70,0,1,28.119730185497474,acc_y,0.04527167386699759,33.34738617200675,28.119730185497474,49.28330522765599,0.023433749465695087,0.04527167386699759,0.023848813319698254,0.6122226715087891,-0.3132543260649024,27.770327683441483,0.10365195370628222,0.29,0.47761476866189395,47.61001300000001,8.079893858000005,0.5550922795242514,0.5583360070930721,0.5518267248249181,1.011795880799755
9,5,45,6,4,4,1,0,0,70,100,1,0,45.014027033919916,acc_z,1.101776965323818,45.039530731956134,45.014027033919916,45.014027033919916,0.28538614632488635,0.42832585784659355,1.101776965323818,20.094682693481445,-13.760220325151924,486.307823901286,17.884818092579017,0.07999999999999999,4.532383279046588,39.250113242000005,-0.28000589999999903,2.6197544525234004,3.323654332112078,1.634974611285699,2.032847671865955
9,6,45,6,0,0,0,1,4,70,100,1,0,44.91937547990786,acc_z,0.360415274482427,44.91937547990786,44.79140005119017,44.91937547990786,0.3219937001699114,0.30773979899487347,0.360415274482427,12.151808738708496,-5.281277324019093,236.16627118216843,2.2409304645903476,0.25,2.0309187657601138,39.200009482000006,-0.330109659999998,1.8677485055195404,2.459364700386049,0.9629036459257226,2.554112979831589
